keyword,index_vs_closet_organization_ideas_100,yoy,our_post
dorm room ideas,122,-10%,
closet organization ideas,100,-20%,798/745
entryway ideas,62,-20%,760
studio apartment ideas,49,-1%,1084
closet organization,35,-10%,798
pantry organization,34,-30%,651
garage organization ideas,33,3%,
pantry organization ideas,27,6%,651
small closet organization,27,-10%,798
jewelry organizer,25,-9%,
walk in closet ideas,21,-30%,745
organizing ideas,21,-2%,
laundry room organization,20,-10%,705
kitchen organization,20,20%,892/861/1073
closet ideas,20,10%,798
organization ideas for the home,18,-30%,1061
bathroom organization,18,-9%,631
shoe storage ideas,15,20%,
fridge organization,15,-20%,679
purse organization,15,-3%,(planned)
tiny bathroom ideas,15,-3%,613
vanity organization,14,-4%,
small entryway ideas,14,-5%,760
closet clean out,14,-2%,688
mudroom ideas entryway,13,-20%,1016
desk organization,13,-50%,1048
small walk in closet ideas,13,-10%,745
pantry ideas,12,20%,651
linen closet organization,12,-30%,871
butlers pantry,12,-20%,
kitchen organization ideas,11,-7%,892/861
small closet ideas,11,-20%,798
stuffed animal storage,11,-30%,1006
mudroom ideas,11,-20%,1016
bathroom storage ideas,10,3%,613
perfume organization,10,-10%,
pantry shelving ideas,10,-20%,788
laundry room ideas small space,10,-50%,696
bathroom organization ideas,9,100%,631
garage storage ideas,8,-10%,
storage ideas for small spaces,8,-30%,1084
toy storage,8,-40%,1006
shoe storage,8,-20%,
home organization,8,-10%,
makeup organization,8,-30%,
craft room organization,8,-20%,
kitchen cabinet organization,8,-10%,861
first apartment checklist,8,-20%,
blanket storage,7,-40%,
decluttering ideas,7,-20%,1061
playroom organization,7,-20%,1006
closet organization ideas small space,7,600%,798
bathroom counter organization,7,-2%,631
storage ideas,6,-9%,1084
small closet organization ideas,6,10%,798
small pantry organization,6,-20%,651
medicine cabinet organization,6,-30%,
spice organization,6,-30%,987
drawer organization,5,-20%,892
small bathroom storage,5,-30%,613
lego storage,4.5,-50%,821
kitchen storage ideas,4.5,-20%,1073
under stairs storage,4.4,-30%,771
closet storage ideas,4.2,20%,798
blanket storage ideas,4.2,40%,
hat storage ideas,3.9,-40%,1120
purse storage ideas,3.6,60%,(planned)
yarn storage ideas,3.5,10%,
over the toilet storage ideas,3.3,-20%,616
bedroom storage ideas,3.2,-3%,881
craft storage ideas,2.7,40%,
laundry room storage,2.7,-20%,705
storage hacks,2.6,-40%,
