Title,Media URL,Pinterest board,Thumbnail,Description,Link,Publish date,Keywords
16 Kitchen Counter Decor Ideas That Keep Prep Space Clear,https://raw.githubusercontent.com/mohamedelber/dsh-pins/main/src/kitchen-counter-decor/pin-kitchen-counter-tray-dusk.jpg,Kitchen Decor Ideas,,"Style your kitchen counter without the clutter: one tray, a cutting board and fresh herbs. 16 easy kitchen counter decor ideas.",https://dailyspacehacks.com/kitchen-counter-decor-ideas/?utm_source=pinterest&utm_medium=social&utm_content=pin_d,2026-10-07T17:00:00,"kitchen counter decor, kitchen counter decor ideas, kitchen decor"
15 Entryway Table Decor Ideas for a Welcoming Entry,https://raw.githubusercontent.com/mohamedelber/dsh-pins/main/src/entryway-table-decor/pin-entryway-lamp-glow.jpg,Small Space Decor,,"A lamp, a mirror and one tray: easy entryway table decor that looks good and stops the drop pile. 15 ideas.",https://dailyspacehacks.com/entryway-table-decor/?utm_source=pinterest&utm_medium=social&utm_content=pin_d,2026-10-08T17:00:00,"entryway table decor, entryway decor, console table styling"
14 Above Kitchen Cabinet Decor Ideas That Look Styled,https://raw.githubusercontent.com/mohamedelber/dsh-pins/main/src/above-cabinet-decor/pin-above-cabinet-kitchen-glow.jpg,Kitchen Decor Ideas,,"Baskets, crocks, greenery and soft lights: 14 simple ways to decorate above kitchen cabinets without clutter.",https://dailyspacehacks.com/over-kitchen-cabinet-decorating-ideas/?utm_source=pinterest&utm_medium=social&utm_content=pin_d,2026-10-09T17:00:00,"above kitchen cabinet decor, over kitchen cabinet decorating ideas, kitchen decor"
14 Bathroom Counter Decor Ideas for a Calm Vanity,https://raw.githubusercontent.com/mohamedelber/dsh-pins/main/src/bathroom-counter-decor/pin-bathroom-vanity-glow.jpg,Small Space Decor,,"Trays, pumps and a little greenery: 14 easy bathroom counter decor ideas for a calm, clutter-free vanity.",https://dailyspacehacks.com/bathroom-counter-decor/?utm_source=pinterest&utm_medium=social&utm_content=pin_d,2026-10-10T17:00:00,"bathroom counter decor, bathroom vanity decor, small bathroom decor"
15 Kitchen Wall Decor Ideas That Stay Practical,https://raw.githubusercontent.com/mohamedelber/dsh-pins/main/src/kitchen-wall-decor/pin-kitchen-wall-sconce-glow.jpg,Kitchen Decor Ideas,,"Shelves, art, plates, rails and herbs: 15 kitchen wall decor ideas that look good and work hard.",https://dailyspacehacks.com/kitchen-wall-decor-ideas/?utm_source=pinterest&utm_medium=social&utm_content=pin_d,2026-10-11T17:00:00,"kitchen wall decor, kitchen wall decor ideas, kitchen decor"
16 Christmas Mantel Decorating Ideas: Cozy and Simple,https://raw.githubusercontent.com/mohamedelber/dsh-pins/main/src/christmas-mantel/pin-christmas-mantel-night-glow.jpg,Small Space Decor,,"Garlands, mirrors, mini trees and stockings: 16 Christmas mantel ideas that look full but calm, plus fireplace safety basics.",https://dailyspacehacks.com/christmas-mantel-decorating-ideas/?utm_source=pinterest&utm_medium=social&utm_content=pin_d,2026-10-12T17:00:00,"christmas mantel decorating ideas, christmas mantel decor, holiday decor"
16 Coffee Table Decor Ideas That Stay Practical,https://raw.githubusercontent.com/mohamedelber/dsh-pins/main/src/coffee-table-decor/pin-coffee-table-lamp-glow.jpg,Small Space Decor,,"One tray, three heights and plenty of clear space: 16 easy coffee table decor ideas for any living room.",https://dailyspacehacks.com/coffee-table-decor/?utm_source=pinterest&utm_medium=social&utm_content=pin_d,2026-10-13T17:00:00,"coffee table decor, coffee table decor ideas, living room decor"
Cozy Kitchen Counter Styling: 16 Simple Ideas,https://raw.githubusercontent.com/mohamedelber/dsh-pins/main/src/kitchen-counter-decor/pin-kitchen-counter-sage-glow.jpg,Kitchen Decor Ideas,,"Warm, simple kitchen counter styling with trays, boards and greenery that still leaves room to cook. See all 16 ideas.",https://dailyspacehacks.com/kitchen-counter-decor-ideas/?utm_source=pinterest&utm_medium=social&utm_content=pin_d2,2026-10-13T20:00:00,"kitchen counter styling, cozy kitchen, countertop decor"
How to Store Perfume to Keep It Fresh: 14 Ideas,https://raw.githubusercontent.com/mohamedelber/dsh-pins/main/src/store-perfume/pin-store-perfume-1.jpg,Home Organization Ideas,,"Light, heat and air wear perfume down. Where to keep bottles, plus 14 perfume storage ideas for drawers, trays and cologne.",https://dailyspacehacks.com/how-to-store-perfume/?utm_source=pinterest&utm_medium=social&utm_content=pin_d,2026-10-14T17:00:00,"how to store perfume, perfume storage ideas, perfume organization"
How to Style an Entryway Table: Easy 5-Part Formula,https://raw.githubusercontent.com/mohamedelber/dsh-pins/main/src/entryway-table-decor/pin-entryway-closeup-dusk.jpg,Small Space Decor,,"A simple formula for a styled, practical entry table with a lamp, tray, basket and greenery.",https://dailyspacehacks.com/entryway-table-decor/?utm_source=pinterest&utm_medium=social&utm_content=pin_d2,2026-10-14T20:00:00,"how to style an entryway table, entry table ideas, small entryway decor"
Medicine Cabinet Organization: 15 Easy Ideas,https://raw.githubusercontent.com/mohamedelber/dsh-pins/main/src/medicine-cabinet/pin-medicine-cabinet-2.jpg,Small Bathroom Storage Ideas,,"A shelf-by-shelf plan for a tidy medicine cabinet, plus where to keep your medicines instead. 15 easy ideas.",https://dailyspacehacks.com/medicine-cabinet-organization/?utm_source=pinterest&utm_medium=social&utm_content=pin_d,2026-10-15T17:00:00,"medicine cabinet organization, bathroom organization, small bathroom storage"
What to Put on Top of Kitchen Cabinets: 14 Ideas,https://raw.githubusercontent.com/mohamedelber/dsh-pins/main/src/above-cabinet-decor/pin-above-cabinet-crocks-dusk.jpg,Kitchen Decor Ideas,,Not sure what to put on top of your kitchen cabinets? Match decor to the gap with these 14 easy ideas.,https://dailyspacehacks.com/over-kitchen-cabinet-decorating-ideas/?utm_source=pinterest&utm_medium=social&utm_content=pin_d2,2026-10-15T20:00:00,"top of kitchen cabinets decor, decorating above cabinets, cozy kitchen"
Spa Bathroom Vanity Styling: 14 Simple Ideas,https://raw.githubusercontent.com/mohamedelber/dsh-pins/main/src/bathroom-counter-decor/pin-bathroom-jars-candle.jpg,Small Space Decor,,"Make your vanity feel like a spa with matching jars, a tray and soft greenery. 14 simple ideas.",https://dailyspacehacks.com/bathroom-counter-decor/?utm_source=pinterest&utm_medium=social&utm_content=pin_d2,2026-10-16T20:00:00,"spa bathroom decor, vanity styling, bathroom counter ideas"
"Cozy Kitchen Wall Ideas: Rails, Shelves and Art",https://raw.githubusercontent.com/mohamedelber/dsh-pins/main/src/kitchen-wall-decor/pin-kitchen-wall-rail-dusk.jpg,Kitchen Decor Ideas,,"Turn a blank kitchen wall into useful decor with a rail, a small shelf and simple art.",https://dailyspacehacks.com/kitchen-wall-decor-ideas/?utm_source=pinterest&utm_medium=social&utm_content=pin_d2,2026-10-17T20:00:00,"kitchen wall ideas, blank kitchen wall, kitchen rail ideas"
Simple Christmas Mantel Garland Ideas,https://raw.githubusercontent.com/mohamedelber/dsh-pins/main/src/christmas-mantel/pin-christmas-mantel-garland-oranges.jpg,Small Space Decor,,"An easy five-layer formula for a cozy Christmas mantel with garland, dried oranges and greenery.",https://dailyspacehacks.com/christmas-mantel-decorating-ideas/?utm_source=pinterest&utm_medium=social&utm_content=pin_d2,2026-10-18T20:00:00,"christmas mantel garland, christmas fireplace decor, rustic christmas mantel"
Easy Christmas Coffee Table Decor Ideas,https://raw.githubusercontent.com/mohamedelber/dsh-pins/main/src/coffee-table-decor/pin-coffee-table-christmas-dusk.jpg,Small Space Decor,,"Swap a few pieces for the holidays: a dough bowl of pinecones, a mini tree and flameless candles.",https://dailyspacehacks.com/coffee-table-decor/?utm_source=pinterest&utm_medium=social&utm_content=pin_d2,2026-10-19T20:00:00,"christmas coffee table decor, christmas living room decor, holiday coffee table"
Perfume Organization Ideas That Protect the Scent,https://raw.githubusercontent.com/mohamedelber/dsh-pins/main/src/store-perfume/pin-store-perfume-2.jpg,Home Organization Ideas,,Display a few favorites and keep the rest cool and dark: easy perfume organization for small spaces.,https://dailyspacehacks.com/how-to-store-perfume/?utm_source=pinterest&utm_medium=social&utm_content=pin_d2,2026-10-20T20:00:00,"perfume organization, perfume organizer ideas, vanity organization"
How to Organize a Medicine Cabinet in 7 Steps,https://raw.githubusercontent.com/mohamedelber/dsh-pins/main/src/medicine-cabinet/pin-medicine-cabinet-1.jpg,Small Bathroom Storage Ideas,,"Clear bins, eye-level shelves and a door strip for tools: organize a small medicine cabinet in an afternoon.",https://dailyspacehacks.com/medicine-cabinet-organization/?utm_source=pinterest&utm_medium=social&utm_content=pin_d2,2026-10-21T20:00:00,"how to organize a medicine cabinet, bathroom cabinet organization, small bathroom ideas"
